category,share_listing_an_added_sugar_pct,ingredient_lists
Biscuits and cookies,93,344
Ice cream and frozen desserts,87,106
Chocolate and confectionery,86,236
Cakes and bakery,86,166
Fruit juices and juice drinks,85,91
Soft drinks and energy drinks,75,130
Instant noodles and pasta,67,116
"Sauces, ketchup and spreads",66,337
Chips and crisps,66,163
Breakfast cereals and muesli,64,150
Milk drinks and health drink powders,53,112
Namkeen and savoury snacks,52,105
"Dairy (milk, paneer, cheese)",23,154
Yoghurt and curd,20,178
"All, staples left out",60,3798
